model,split,AbsRel,RMSE,MAE,SiLog
baseline,train,27.454203,15.029533,13.946119,108.199814
baseline,test,28.019964,14.998397,13.9405365,108.25938
finetuned,train,0.2550604,0.14785546,0.113015056,28.899496
finetuned,test,0.3502115,0.18861201,0.14248896,38.805534
