model,split,AbsRel,RMSE,MAE,SILog
baseline,train,34.234592,1.0408307,0.97422945,505.0194
baseline,test,29.081572,1.0333312,0.9647782,496.46948
finetuned,train,0.9985914,0.23385338,0.15355945,56.80798
finetuned,test,1.0005802,0.24304196,0.16188163,58.664165
